{
  "useAnvilImmersive": true,
  "useBrewingStandImmersive": true,
  "useChestImmersive": true,
  "useCraftingTableImmersive": true,
  "useFurnaceImmersive": true,
  "useJukeboxImmersive": true,
  "useRangedGrabImmersive": true,
  "useButtonImmersive": true,
  "useEnchantingTableImmersive": true,
  "useCampfireImmersive": true,
  "useLeverImmersive": true,
  "useBagImmersive": true,
  "useRepeaterImmersive": true,
  "useDoorImmersive": true,
  "useTrapdoorImmersive": true,
  "allowPetting": true,
  "useArmorImmersive": true,
  "useFeedingAnimalsImmersive": true,
  "useShulkerImmersive": true,
  "allowPettingAnythingLiving": false,
  "useShieldImmersive": true,
  "rangedGrabRange": 8,
  "useBeaconImmersive": true,
  "useBarrelImmersive": true,
  "useThrowingImmersive": true,
  "allowThrowingBeyondVanillaMaxRange": true,
  "useHopperImmersive": true,
  "useSmithingTableImmersive": true,
  "useChiseledBookshelfImmersive": true,
  "useWrittenBookImmersive": true,
  "useCauldronImmersive": true,
  "useIronFurnacesFurnaceImmersive": true,
  "useTinkersConstructCraftingStationImmersive": true,
  "useLecternImmersive": true,
  "useBucketAndBottleImmersive": true,
  "useApotheosisEnchantmentTableImmersive": true,
  "useApotheosisSalvagingTableImmersive": true,
  "useGrindstoneImmersive": true,
  "disableVanillaInteractionsForSupportedImmersives": false,
  "commonConfigVersion": 2
}