{
  "fmlloader-1.20.1-47.4.0.jar (modloader)": {
    "modId": "forge",
    "version": "fmlloader-1.20.1-47.4.0.jar"
  },
  "accessories-neoforge-1.0.0-beta.46+1.20.1.jar": {
    "modId": "accessories",
    "version": "1.0.0-beta46+1.20.1"
  },
  "adaptive_performance_tweaks_core_1.20.1-11.3.0.jar": {
    "modId": "adaptive_performance_tweaks_core",
    "version": "11.3.0"
  },
  "adaptive_performance_tweaks_gamerules_1.20.1-11.3.0.jar": {
    "modId": "adaptive_performance_tweaks_gamerules",
    "version": "11.3.0"
  },
  "adaptive_performance_tweaks_items_1.20.1-11.3.0.jar": {
    "modId": "adaptive_performance_tweaks_items",
    "version": "11.3.0"
  },
  "adaptive_performance_tweaks_mods_1.20.1-10.0.0.jar": {
    "modId": "adaptive_performance_tweaks_mods",
    "version": "10.0.0"
  },
  "adaptive_performance_tweaks_player_1.20.1-11.3.0.jar": {
    "modId": "adaptive_performance_tweaks_player",
    "version": "11.3.0"
  },
  "adaptive_performance_tweaks_spawn_1.20.1-11.3.0.jar": {
    "modId": "adaptive_performance_tweaks_spawn",
    "version": "11.3.0"
  },
  "appleskin-forge-mc1.20.1-2.5.1.jar": {
    "modId": "appleskin",
    "version": "2.5.1+mc1.20.1"
  },
  "architectury-9.2.14-forge.jar": {
    "modId": "architectury",
    "version": "9.2.14"
  },
  "AttributeFix-Forge-1.20.1-21.0.4.jar": {
    "modId": "attributefix",
    "version": "21.0.4"
  },
  "automodpack-mc1.20.1-forge-4.0.0-beta35.jar": {
    "modId": "automodpack-bootstrap",
    "version": "1.0.0"
  },
  "auudio_forge_1.0.3_MC_1.19.3.jar": {
    "modId": "auudio",
    "version": "1.0.3"
  },
  "azurelib-neo-1.20.1-2.0.41.jar": {
    "modId": "azurelib",
    "version": "2.0.41"
  },
  "balm-forge-1.20.1-7.3.28-all.jar": {
    "modId": "balm",
    "version": "7.3.28"
  },
  "better-end-4.0.11.jar": {
    "modId": "betterend",
    "version": "4.0.11"
  },
  "better-nether-9.0.10.jar": {
    "modId": "betternether",
    "version": "9.0.10"
  },
  "better-nether-9.0.10_mapped_srg_1.20.1.jar": {
    "modId": "betternether",
    "version": "9.0.10"
  },
  "betterend-crashed-ships-1.0.0.jar": {
    "modId": "betterend-crashed-ships",
    "version": "1.0.0"
  },
  "betterend-crashed-ships-1.0.0_mapped_srg_1.20.1.jar": {
    "modId": "betterend-crashed-ships",
    "version": "1.0.0"
  },
  "betterfpsdist-1.20.1-6.0.jar": {
    "modId": "betterfpsdist",
    "version": "1.20.1-6.0"
  },
  "BiomesOPlenty-1.20.1-18.0.0.592.jar": {
    "modId": "biomesoplenty",
    "version": "18.0.0.592"
  },
  "blockui-1.20.1-1.0.190-snapshot.jar": {
    "modId": "blockui",
    "version": "1.20.1-1.0.190-snapshot"
  },
  "Boat-Item-View-Forge-1.20.1-0.0.5.jar": {
    "modId": "boatiview",
    "version": "0.0.5"
  },
  "botarium-forge-1.20.1-2.3.4.jar": {
    "modId": "botarium",
    "version": "2.3.4"
  },
  "bygonenether-1.3.2-1.20.x.jar": {
    "modId": "bygonenether",
    "version": "1.3.2"
  },
  "carryon-forge-1.20.1-2.1.2.7.jar": {
    "modId": "carryon",
    "version": "2.1.2.7"
  },
  "chat_heads-0.13.18-forge-1.20.jar": {
    "modId": "chat_heads",
    "version": "0.13.18"
  },
  "chloride-FORGE-mc1.20.1-v1.7.1.jar": {
    "modId": "chloride",
    "version": "1.7.1"
  },
  "citresewn-1.20.1-5.jar": {
    "modId": "citresewn",
    "version": "1.20.1-5"
  },
  "clickadv-1.20.1-3.8.jar": {
    "modId": "clickadv",
    "version": "1.20.1-3.8"
  },
  "cloth-config-11.1.136-forge.jar": {
    "modId": "cloth_config",
    "version": "11.1.136"
  },
  "CoffeeDelight-Forge-1.20.1-1.5.2.jar": {
    "modId": "coffee_delight",
    "version": "1.6"
  },
  "comforts-forge-6.4.0+1.20.1.jar": {
    "modId": "comforts",
    "version": "6.4.0+1.20.1"
  },
  "connectivity-1.20.1-7.1.jar": {
    "modId": "connectivity",
    "version": "1.20.1-7.1"
  },
  "controllable-forge-1.20.1-0.21.7.jar": {
    "modId": "controllable",
    "version": "0.21.7"
  },
  "Controlling-forge-1.20.1-12.0.2.jar": {
    "modId": "controlling",
    "version": "12.0.2"
  },
  "copycats-3.0.0+mc.1.20.1-forge.jar": {
    "modId": "copycats",
    "version": "3.0.0+mc.1.20.1-forge"
  },
  "corpse-forge-1.20.1-1.0.20.jar": {
    "modId": "corpse",
    "version": "1.20.1-1.0.20"
  },
  "corpsecurioscompat-1.18.x-1.20.x-Forge-2.2.2.jar": {
    "modId": "corpsecurioscompat",
    "version": "2.2.2"
  },
  "CrashAssistant-forge-1.19.2-1.20.1-1.7.27.jar": {
    "modId": "crash_assistant",
    "version": "1.7.27"
  },
  "create-1.20.1-6.0.4.jar": {
    "modId": "create",
    "version": "6.0.4"
  },
  "create-new-age-forge-1.20.1-1.1.4.jar": {
    "modId": "create_new_age",
    "version": "1.1.4"
  },
  "create-stuff-additions1.20.1_v2.1.0.jar": {
    "modId": "create_sa",
    "version": "2.1.0"
  },
  "create_connected-1.0.1-mc1.20.1-all.jar": {
    "modId": "create_connected",
    "version": "1.0.1-mc1.20.1"
  },
  "create_enchantment_industry-1.3.2-for-create-6.0.4.jar": {
    "modId": "create_enchantment_industry",
    "version": "1.3.2-for-create-6.0.4"
  },
  "create_kart-2.3.0-forge-1.20.1.jar": {
    "modId": "create_kart",
    "version": "2.3.0"
  },
  "create_netherless-1.20.1-1.3.jar": {
    "modId": "create_netherless",
    "version": "1.3.0"
  },
  "createaddition-1.20.1-1.3.1.jar": {
    "modId": "createaddition",
    "version": "1.20.1-1.3.1"
  },
  "createdeco-2.0.3-1.20.1-forge.jar": {
    "modId": "createdeco",
    "version": "2.0.3-1.20.1-forge"
  },
  "createliquidfuel-2.1.1-1.20.1.jar": {
    "modId": "createliquidfuel",
    "version": "2.1.1-1.20.1"
  },
  "CreateNumismatics-1.0.15+forge-mc1.20.1.jar": {
    "modId": "numismatics",
    "version": "1.0.15+forge-mc1.20.1"
  },
  "createteleporters2.3-1.20.1.jar": {
    "modId": "createteleporters",
    "version": "2.2"
  },
  "cristellib-1.1.6-forge.jar": {
    "modId": "cristellib",
    "version": "1.1.6"
  },
  "cupboard-1.20.1-2.7.jar": {
    "modId": "cupboard",
    "version": "1.20.1-2.7"
  },
  "curios-forge-5.14.1+1.20.1.jar": {
    "modId": "curios",
    "version": "5.14.1+1.20.1"
  },
  "CustomPlayerModels-1.20-0.6.22a.jar": {
    "modId": "cpm",
    "version": "0.6.22a"
  },
  "deeperdarker-forge-1.20.1-1.3.3.jar": {
    "modId": "deeperdarker",
    "version": "1.3.3"
  },
  "DiagonalFences-v8.1.5-1.20.1-Forge.jar": {
    "modId": "diagonalfences",
    "version": "8.1.5"
  },
  "DiagonalWalls-v8.0.4-1.20.1-Forge.jar": {
    "modId": "diagonalwalls",
    "version": "8.0.4"
  },
  "DistantHorizons-2.3.4-b-1.20.1-fabric-forge.jar": {
    "modId": "distanthorizons",
    "version": "2.3.4-b"
  },
  "distraction_free_recipes-forge-1.2.1-1.20.1.jar": {
    "modId": "distraction_free_recipes",
    "version": "1.2.1"
  },
  "domum_ornamentum-1.20.1-1.0.186-RELEASE-universal.jar": {
    "modId": "domum_ornamentum",
    "version": "1.20.1-1.0.186-RELEASE"
  },
  "e4mc_minecraft-forge-5.3.1.jar": {
    "modId": "e4mc_minecraft",
    "version": "5.3.1"
  },
  "EasyAnvils-v8.0.2-1.20.1-Forge.jar": {
    "modId": "easyanvils",
    "version": "8.0.2"
  },
  "EasyMagic-v8.0.1-1.20.1-Forge.jar": {
    "modId": "easymagic",
    "version": "8.0.1"
  },
  "ElysiumAPI-1.20.1-1.1.1.jar": {
    "modId": "elysium_api",
    "version": "1.1.1"
  },
  "embeddium-0.3.31+mc1.20.1.jar": {
    "modId": "embeddium",
    "version": "0.3.31+mc1.20.1"
  },
  "emi-1.1.22+1.20.1+forge.jar": {
    "modId": "emi",
    "version": "1.1.22+1.20.1+forge"
  },
  "emi_enchanting-0.1.2+1.20.1+forge.jar": {
    "modId": "emi_enchanting",
    "version": "0.1.2+1.20.1+forge"
  },
  "emi_loot-0.7.6+1.20.1+forge.jar": {
    "modId": "emi_loot",
    "version": "0.7.6+1.20.1+forge"
  },
  "emiffect-forge-1.1.2+mc1.20.1.jar": {
    "modId": "emiffect",
    "version": "1.1.2+mc1.20.1"
  },
  "emitrades-forge-1.2.1+mc1.20.1.jar": {
    "modId": "emitrades",
    "version": "1.2.1+mc1.20.1"
  },
  "entity_model_features_forge_1.20.1-2.4.1.jar": {
    "modId": "entity_model_features",
    "version": "2.4.1"
  },
  "entity_texture_features_forge_1.20.1-6.2.9.jar": {
    "modId": "entity_texture_features",
    "version": "6.2.9"
  },
  "entityculling-forge-1.7.4-mc1.20.1.jar": {
    "modId": "entityculling",
    "version": "1.7.4"
  },
  "explorations-forge-1.20.1-1.6.1.jar": {
    "modId": "explorations",
    "version": "1.20.1-1.6.1"
  },
  "ezvcsurvival-forge-1.20.1-1.0.1.jar": {
    "modId": "ezvcsurvival",
    "version": "1.0.1"
  },
  "fancymenu_forge_3.5.0_MC_1.20.1.jar": {
    "modId": "fancymenu",
    "version": "3.5.0"
  },
  "FarmersDelight-1.20.1-1.2.7.jar": {
    "modId": "farmersdelight",
    "version": "1.20.1-1.2.7"
  },
  "FarmersStructures-1.0.3-1.20.jar": {
    "modId": "farmers_structures",
    "version": "1.0.0"
  },
  "farsight-1.20.1-3.7.jar": {
    "modId": "farsight_view",
    "version": "1.20.1-3.7"
  },
  "fast-ip-ping-v1.0.5-mc1.20.4-forge.jar": {
    "modId": "fastipping",
    "version": "1.0.5"
  },
  "ferritecore-6.0.1-forge.jar": {
    "modId": "ferritecore",
    "version": "6.0.1"
  },
  "firstperson-forge-2.4.9-mc1.20.1.jar": {
    "modId": "firstperson",
    "version": "2.4.9"
  },
  "formations-1.0.3-forge-mc1.20.2.jar": {
    "modId": "formations",
    "version": "1.0.3"
  },
  "formationsnether-1.0.5.jar": {
    "modId": "formationsnether",
    "version": "1.0.5"
  },
  "formationsoverworld-1.0.4.jar": {
    "modId": "formationsoverworld",
    "version": "1.0.4"
  },
  "FpsReducer2-forge-1.20-2.5.jar": {
    "modId": "fpsreducer",
    "version": "1.20-2.5"
  },
  "FramedBlocks-9.4.1.jar": {
    "modId": "framedblocks",
    "version": "9.4.1"
  },
  "framework-forge-1.20.1-0.7.12.jar": {
    "modId": "framework",
    "version": "0.7.12"
  },
  "ftb-essentials-forge-2001.2.2.jar": {
    "modId": "ftbessentials",
    "version": "2001.2.2"
  },
  "ftb-library-forge-2001.2.9.jar": {
    "modId": "ftblibrary",
    "version": "2001.2.9"
  },
  "ftb-teams-forge-2001.3.1.jar": {
    "modId": "ftbteams",
    "version": "2001.3.1"
  },
  "ftb-xmod-compat-forge-2.1.3.jar": {
    "modId": "ftbxmodcompat",
    "version": "2.1.3"
  },
  "functionalstorage-1.20.1-1.2.10.jar": {
    "modId": "functionalstorage",
    "version": "1.20.1-1.2.10"
  },
  "fusion-1.2.7b-forge-mc1.20.1.jar": {
    "modId": "fusion",
    "version": "1.2.7+b"
  },
  "fzzy_config-0.6.9+1.20.1+forge.jar": {
    "modId": "fzzy_config",
    "version": "0.6.9+1.20.1+forge"
  },
  "geckolib-forge-1.20.1-4.7.1.2.jar": {
    "modId": "geckolib",
    "version": "4.7.1.2"
  },
  "ImmediatelyFast-Forge-1.5.0+1.20.4.jar": {
    "modId": "immediatelyfast",
    "version": "1.5.0+1.20.4"
  },
  "immersivelanterns-forge-1.0.6-1.20.1.jar": {
    "modId": "immersivelanterns",
    "version": "1.0.6"
  },
  "Jade-1.20.1-Forge-11.13.1.jar": {
    "modId": "jade",
    "version": "11.13.1+forge"
  },
  "JadeAddons-1.20.1-Forge-5.5.0.jar": {
    "modId": "jadeaddons",
    "version": "5.5.0+forge"
  },
  "Jadens-Nether-Expansion-2.3.2.jar": {
    "modId": "netherexp",
    "version": "2.3.2"
  },
  "jei-1.20.1-forge-15.20.0.106.jar": {
    "modId": "jei",
    "version": "15.20.0.106"
  },
  "JustEnoughGuns-0.12.0-1.20.1.jar": {
    "modId": "jeg",
    "version": "0.12.0"
  },
  "konkrete_forge_1.8.0_MC_1.20-1.20.1.jar": {
    "modId": "konkrete",
    "version": "1.8.0"
  },
  "kotlinforforge-4.11.0-all.jar": {},
  "lmft-1.0.4+1.20.1-forge.jar": {
    "modId": "lmft",
    "version": "1.0.4+1.20.1"
  },
  "Log-Begone-Forge-1.20.1-1.0.8.jar": {
    "modId": "logbegone",
    "version": "1.0.8"
  },
  "lootr-forge-1.20-0.7.35.91.jar": {
    "modId": "lootr",
    "version": "0.7.35.91"
  },
  "melody_forge_1.0.3_MC_1.20.1-1.20.4.jar": {
    "modId": "melody",
    "version": "1.0.2"
  },
  "modernfix-forge-5.21.0+mc1.20.1.jar": {
    "modId": "modernfix",
    "version": "5.21.0+mc1.20.1"
  },
  "moonlight-1.20-2.14.1-forge.jar": {
    "modId": "moonlight",
    "version": "1.20-2.14.1"
  },
  "MouseTweaks-forge-mc1.20.1-2.25.1.jar": {
    "modId": "mousetweaks",
    "version": "2.25.1"
  },
  "netherportalfix-forge-1.20-13.0.1.jar": {
    "modId": "netherportalfix",
    "version": "13.0.1"
  },
  "NoChatReports-FORGE-1.20.1-v2.2.2.jar": {
    "modId": "nochatreports",
    "version": "1.20.1-v2.2.2"
  },
  "Not Enough Recipe Book-FORGE-0.4.1+1.20.1.jar": {
    "modId": "nerb",
    "version": "0.4.1"
  },
  "notenoughanimations-forge-1.9.3-mc1.20.1.jar": {
    "modId": "notenoughanimations",
    "version": "1.9.3"
  },
  "notenoughcrashes-4.4.7+1.20.1-forge.jar": {
    "modId": "notenoughcrashes",
    "version": "4.4.7+1.20.1"
  },
  "ntgl-1.20.1-1.9.2.jar": {
    "modId": "ntgl",
    "version": "1.20.1-1.9.2"
  },
  "oceansdelight-1.0.2-1.20.jar": {
    "modId": "oceansdelight",
    "version": "1.0.2-1.20"
  },
  "OctoLib-FORGE-0.5.0.1+1.20.1.jar": {
    "modId": "octolib",
    "version": "0.5.0.1"
  },
  "oculus-mc1.20.1-1.8.0.jar": {
    "modId": "oculus",
    "version": "1.8.0"
  },
  "okzoomer-forge-1.20-3.0.1.jar": {
    "modId": "okzoomer",
    "version": "3.0.1"
  },
  "open-parties-and-claims-forge-1.20.1-0.24.0.jar": {
    "modId": "openpartiesandclaims",
    "version": "0.24.0"
  },
  "polymorph-forge-0.49.10+1.20.1.jar": {
    "modId": "polymorph",
    "version": "0.49.10+1.20.1"
  },
  "PuzzlesLib-v8.1.32-1.20.1-Forge.jar": {
    "modId": "puzzleslib",
    "version": "8.1.32"
  },
  "radium-mc1.20.1-0.12.4+git.26c9d8e.jar": {
    "modId": "radium",
    "version": "0.12.4+git.26c9d8e"
  },
  "reforgedplaymod-1.20.1-0.3.1.jar": {
    "modId": "reforgedplaymod",
    "version": "0.3.1"
  },
  "resourcefulconfig-forge-1.20.1-2.1.3.jar": {
    "modId": "resourcefulconfig",
    "version": "2.1.3"
  },
  "rrls-4.0.6.1+mc1.20.1-forge.jar": {
    "modId": "rrls",
    "version": "4.0.6.1+mc1.20.1-forge"
  },
  "rubidium-extra-0.5.4.4+mc1.20.1-build.131.jar": {
    "modId": "embeddium_extra",
    "version": "0.5.4.4+mc1.20.1-build.131"
  },
  "Searchables-forge-1.20.1-1.0.3.jar": {
    "modId": "searchables",
    "version": "1.0.3"
  },
  "skinlayers3d-forge-1.7.5-mc1.20.1.jar": {
    "modId": "skinlayers3d",
    "version": "1.7.5"
  },
  "smoothchunk-1.20.1-4.1.jar": {
    "modId": "smoothchunk",
    "version": "1.20.1-4.1"
  },
  "sodiumdynamiclights-forge-1.0.10-1.20.1.jar": {
    "modId": "sodiumdynamiclights",
    "version": "1.0.9"
  },
  "sophisticatedbackpacks-1.20.1-3.23.15.1235.jar": {
    "modId": "sophisticatedbackpacks",
    "version": "3.23.15.1235"
  },
  "sophisticatedcore-1.20.1-1.2.53.970.jar": {
    "modId": "sophisticatedcore",
    "version": "1.2.53.970"
  },
  "sound-physics-remastered-forge-1.20.1-1.4.13.jar": {
    "modId": "sound_physics_remastered",
    "version": "1.20.1-1.4.13"
  },
  "spark-1.10.53-forge.jar": {
    "modId": "spark",
    "version": "1.10.53"
  },
  "sparsestructuresreforged-1.20.1-0.0.1.jar": {
    "modId": "sparsestructuresreforged",
    "version": "1.20.1-0.0.1"
  },
  "stalwart-dungeons-1.20.1-1.2.8.jar": {
    "modId": "stalwart_dungeons",
    "version": "1.2.8"
  },
  "Stony Cliffs FML v1.1.2.jar": {
    "modId": "stonycliffs",
    "version": "1.1.2"
  },
  "Structory_Towers_1.20.x_v1.0.7.jar": {
    "modId": "structory_towers",
    "version": "1.0.7"
  },
  "structure_gel-1.20.1-2.16.2.jar": {
    "modId": "structure_gel",
    "version": "2.16.2"
  },
  "structureessentials-1.20.1-4.7.jar": {
    "modId": "structureessentials",
    "version": "1.20.1-4.7"
  },
  "TerraBlender-forge-1.20.1-3.0.1.10.jar": {
    "modId": "terrablender",
    "version": "3.0.1.10"
  },
  "titanium-1.20.1-3.8.32.jar": {
    "modId": "titanium",
    "version": "3.8.32"
  },
  "Towns-and-Towers-1.12-Fabric+Forge.jar": {
    "modId": "t_and_t",
    "version": "1.10.2"
  },
  "twilightforest-1.20.1-4.3.2508-universal.jar": {
    "modId": "twilightforest",
    "version": "4.3.2508"
  },
  "txnilib-forge-1.0.23-1.20.1.jar": {
    "modId": "txnilib",
    "version": "1.0.23"
  },
  "VisualWorkbench-v8.0.0-1.20.1-Forge.jar": {
    "modId": "visualworkbench",
    "version": "8.0.0"
  },
  "vivecraft-1.20.1-1.2.5-forge.jar": {
    "modId": "vivecraft",
    "version": "1.20.1-1.2.5"
  },
  "vivecraftcompat-1.20-1.5.0.jar": {
    "modId": "vivecraftcompat",
    "version": "1.5.0"
  },
  "voicechat-forge-1.20.1-2.5.30.jar": {
    "modId": "voicechat",
    "version": "1.20.1-2.5.30"
  },
  "watermedia-2.1.24.jar": {
    "modId": "watermedia",
    "version": "2.1.24"
  },
  "XaeroPlus-2.26.7+forge-1.20.1-WM1.39.4-MM25.2.0.jar": {
    "modId": "xaeroplus",
    "version": "2.26.7"
  },
  "Xaeros_Minimap_25.2.0_Forge_1.20.jar": {
    "modId": "xaerominimap",
    "version": "25.2.0"
  },
  "XaerosWorldMap_1.39.4_Forge_1.20.jar": {
    "modId": "xaeroworldmap",
    "version": "1.39.4"
  },
  "YeetusExperimentus-Forge-2.3.1-build.6+mc1.20.1.jar": {
    "modId": "yeetusexperimentus",
    "version": "2.3.1-build.6+mc1.20.1"
  },
  "YungsApi-1.20-Forge-4.0.6.jar": {
    "modId": "yungsapi",
    "version": "1.20-Forge-4.0.6"
  },
  "YungsBetterDungeons-1.20-Forge-4.0.4.jar": {
    "modId": "betterdungeons",
    "version": "1.20-Forge-4.0.4"
  },
  "YungsBetterEndIsland-1.20-Forge-2.0.6.jar": {
    "modId": "betterendisland",
    "version": "1.20-Forge-2.0.6"
  },
  "YungsBetterJungleTemples-1.20-Forge-2.0.5.jar": {
    "modId": "betterjungletemples",
    "version": "1.20-Forge-2.0.5"
  },
  "YungsBetterNetherFortresses-1.20-Forge-2.0.6.jar": {
    "modId": "betterfortresses",
    "version": "1.20-Forge-2.0.6"
  },
  "YungsBetterOceanMonuments-1.20-Forge-3.0.4.jar": {
    "modId": "betteroceanmonuments",
    "version": "1.20-Forge-3.0.4"
  },
  "YungsBetterStrongholds-1.20-Forge-4.0.3.jar": {
    "modId": "betterstrongholds",
    "version": "1.20-Forge-4.0.3"
  },
  "YungsBetterWitchHuts-1.20-Forge-3.0.3.jar": {
    "modId": "betterwitchhuts",
    "version": "1.20-Forge-3.0.3"
  }
}